group,outcome,time,variable,category,personTime,numEvents,rate,lc,uc,rate_ppm,lc_ppm,uc_ppm
covid,stroke,Full period,Overall,0,4114963,624,.00015164171,.00014019849,.00016401893,.46155944,.42672917,.49923262
covid,stroke,Full period,agegroup,1,879286,32,.000036393165,.000025736366,.000051462681,.11077169,.078335062,.15663953
covid,stroke,Full period,agegroup,2,709254,50,.000070496608,.000053430609,.000093013565,.21457405,.16262941,.28311005
covid,stroke,Full period,agegroup,3,709249,83,.00011702519,.000094373019,.00014511452,.35619542,.28724787,.44169232
covid,stroke,Full period,agegroup,4,809837,153,.0001889269,.00016124203,.00022136522,.57504624,.49078044,.67378038
covid,stroke,Full period,agegroup,5,1007337,306,.00030377123,.00027157305,.00033978687,.9246037,.82660049,1.0342263
covid,stroke,Full period,male,0,1934393,286,.00014784999,.00013167057,.00016601752,.45001841,.4007723,.50531584
covid,stroke,Full period,male,1,2180570,338,.00015500534,.00013933089,.00017244313,.4717975,.42408839,.52487379
covid,stroke,Full period,ethnicity,1,2498845,408,.00016327543,.00014817675,.0001799126,.49696958,.451013,.54760897
covid,stroke,Full period,ethnicity,2,44848,,.000066892615,.0000215743,.00020740519,.2036044,.06566678,.63128954
covid,stroke,Full period,ethnicity,3,415437,50,.00012035519,.000091219306,.00015879722,.36633113,.27764878,.48333904
covid,stroke,Full period,ethnicity,4,157691,15,.000095122741,.000057346253,.00015778425,.28952983,.17454766,.48025581
covid,stroke,Full period,ethnicity,5,77953,,.000025656485,6.4166265e-06,.00010258587,.078091927,.019530607,.31224576
covid,stroke,Full period,ethnicity,6,920189,146,.00015866305,.00013490557,.00018660435,.48293066,.41061881,.56797695
covid,stroke,Full period,af,0,3555852,459,.00012908298,.00011779811,.00014144894,.39289632,.35854799,.4305352
covid,stroke,Full period,af,1,559111,165,.00029511136,.00025334946,.00034375724,.89824522,.77113241,1.0463111
covid,stroke,Full period,anticoag_rx,0,3596590,479,.0001331817,.00012177333,.00014565888,.40537181,.37064758,.44334921
covid,stroke,Full period,anticoag_rx,1,518373,145,.00027972137,.00023770439,.00032916531,.85140193,.72351271,1.001897
covid,stroke,Full period,long_hosp_stay,0,1944887,177,.00009100786,.000078541409,.00010545304,.27700517,.23906042,.32097271
covid,stroke,Full period,long_hosp_stay,1,2170076,447,.00020598357,.00018774663,.00022599199,.62696248,.57145381,.68786311
covid,stroke,0 days,Overall,0,821601,339,.00041260905,.00037094354,.00045895454,1.2558788,1.1290594,1.3969429
covid,stroke,30 days,Overall,0,696337,81,.00011632299,.000093559436,.00014462504,.35405809,.28477153,.44020247
covid,stroke,60 days,Overall,0,655289,67,.00010224497,.000080473168,.00012990706,.3112081,.24494021,.39540461
covid,stroke,90 days,Overall,0,621186,49,.000078881363,.00005961756,.00010436975,.24009515,.18146095,.31767541
covid,stroke,120 days,Overall,0,1320550,88,.000066638902,.000054074117,.000082123268,.20283216,.16458809,.2499627
covid,stroke_no_gp,Full period,Overall,0,4131258,483,.00011691354,.00010693843,.00012781912,.35585558,.32549384,.38904944
covid,stroke_no_gp,Full period,agegroup,1,880500,21,.000023850085,.000015550435,.000036579466,.072593696,.047331635,.11133875
covid,stroke_no_gp,Full period,agegroup,2,711742,32,.00004496011,.000031794705,.00006357699,.13684733,.096775137,.19351247
covid,stroke_no_gp,Full period,agegroup,3,712331,59,.000082826664,.000064173124,.00010690233,.25210366,.19532694,.32538396
covid,stroke_no_gp,Full period,agegroup,4,814166,115,.00014124883,.00011765488,.00016957422,.42992613,.35811204,.51614153
covid,stroke_no_gp,Full period,agegroup,5,1012519,256,.00025283475,.00022368491,.00028578332,.76956576,.68084097,.86985296
covid,stroke_no_gp,Full period,male,0,1942648,215,.00011067368,.000096826196,.00012650155,.33686301,.29471472,.38503909
covid,stroke_no_gp,Full period,male,1,2188610,268,.00012245215,.00010863531,.0001380263,.37271374,.3306587,.42011756
covid,stroke_no_gp,Full period,ethnicity,1,2508817,326,.00012994172,.00011657487,.00014484127,.39551011,.35482475,.4408606
covid,stroke_no_gp,Full period,ethnicity,2,44873,,.000022285116,3.1391592e-06,.00015820363,.067830324,.0095548155,.48153231
covid,stroke_no_gp,Full period,ethnicity,3,416684,39,.000093596107,.00006838431,.00012810294,.28488314,.20814474,.38991332
covid,stroke_no_gp,Full period,ethnicity,4,158158,11,.000069550704,.000038517192,.00012558809,.21169496,.1172367,.38225874
covid,stroke_no_gp,Full period,ethnicity,5,78133,,.00001279869,1.8028682e-06,.000090858812,.038956013,.0054874797,.27655151
covid,stroke_no_gp,Full period,ethnicity,6,924593,105,.00011356348,.000093792893,.00013750151,.34565884,.28548211,.41852024
covid,stroke_no_gp,Full period,af,0,3568704,350,.000098074823,.000088319961,.00010890709,.29851523,.26882389,.33148596
covid,stroke_no_gp,Full period,af,1,562554,133,.00023642175,.0001994706,.00028021797,.71960872,.60713863,.85291344
covid,stroke_no_gp,Full period,anticoag_rx,0,3609809,369,.00010222148,.000092306094,.00011320195,.31113663,.28095669,.34455845
covid,stroke_no_gp,Full period,anticoag_rx,1,521449,114,.00021862157,.0001819578,.00026267295,.66542941,.55383408,.79951078
covid,stroke_no_gp,Full period,long_hosp_stay,0,1948506,142,.000072876348,.000061823754,.000085904881,.22181739,.18817605,.26147297
covid,stroke_no_gp,Full period,long_hosp_stay,1,2182752,341,.00015622481,.00014049305,.00017371813,.47550926,.42762572,.52875453
covid,stroke_no_gp,0 days,Overall,0,823445,244,.00029631608,.00026137414,.00033592925,.90191209,.79555756,1.0224847
covid,stroke_no_gp,30 days,Overall,0,699090,71,.0001015606,.000080483383,.00012815758,.3091251,.24497131,.39007965
covid,stroke_no_gp,60 days,Overall,0,658143,54,.000082049039,.000062840503,.00010712908,.24973676,.19127078,.32607412
covid,stroke_no_gp,90 days,Overall,0,624117,40,.000064090549,.000047011836,.000087373708,.19507562,.14309227,.26594374
covid,stroke_no_gp,120 days,Overall,0,1326463,74,.000055787459,.000044420802,.000070062677,.16980308,.13520582,.21325327
covid,stroke_cens_gp,Full period,Overall,0,4125551,544,.00013186118,.00012123332,.00014342072,.40135247,.36900389,.43653682
covid,stroke_cens_gp,Full period,agegroup,1,880074,25,.000028406703,.000019194664,.000042039846,.0864629,.058423758,.12795879
covid,stroke_cens_gp,Full period,agegroup,2,711345,35,.000049202568,.000035327135,.000068527843,.14976032,.10752697,.20858163
covid,stroke_cens_gp,Full period,agegroup,3,711185,70,.00009842727,.0000778713,.00012440949,.29958799,.23702078,.37867138
covid,stroke_cens_gp,Full period,agegroup,4,812927,129,.00015868584,.00013353468,.00018857421,.48300004,.40644616,.57397276
covid,stroke_cens_gp,Full period,agegroup,5,1010020,285,.00028217264,.00025124304,.00031690983,.85886294,.76472098,.9645943
covid,stroke_cens_gp,Full period,male,0,1939530,247,.00012735045,.00011241902,.00014426504,.38762292,.34217539,.4391067
covid,stroke_cens_gp,Full period,male,1,2186021,297,.00013586329,.000121258,.00015222776,.41353387,.36907902,.46334323
covid,stroke_cens_gp,Full period,ethnicity,1,2505291,360,.00014369588,.00012959316,.00015933331,.43737435,.39444917,.48497078
covid,stroke_cens_gp,Full period,ethnicity,2,44848,,.000066892615,.0000215743,.00020740519,.2036044,.06566678,.63128954
covid,stroke_cens_gp,Full period,ethnicity,3,416625,40,.0000960096,.000070425165,.00013088848,.29222924,.2143566,.39839181
covid,stroke_cens_gp,Full period,ethnicity,4,157897,14,.000088665394,.000052512292,.00014970881,.26987529,.1598343,.4556762
covid,stroke_cens_gp,Full period,ethnicity,5,78133,,.00001279869,1.8028682e-06,.000090858812,.038956013,.0054874797,.27655151
covid,stroke_cens_gp,Full period,ethnicity,6,922757,126,.00013654733,.00011467061,.00016259764,.41561595,.34902868,.49490657
covid,stroke_cens_gp,Full period,af,0,3563986,399,.0001119533,.00010149006,.00012349527,.34075788,.30891037,.37588871
covid,stroke_cens_gp,Full period,af,1,561565,145,.00025820697,.00021942168,.00030384801,.78591746,.66786474,.92483735
covid,stroke_cens_gp,Full period,anticoag_rx,0,3605298,416,.00011538574,.00010481383,.00012702399,.35120535,.3190271,.38662925
covid,stroke_cens_gp,Full period,anticoag_rx,1,520253,128,.00024603415,.00020689933,.00029257126,.74886644,.62974983,.89051378
covid,stroke_cens_gp,Full period,long_hosp_stay,0,1946283,165,.000084776984,.000072779992,.000098751545,.25803995,.2215241,.30057502
covid,stroke_cens_gp,Full period,long_hosp_stay,1,2179268,379,.00017391161,.0001572553,.00019233214,.52934349,.47864583,.58541095
covid,stroke_cens_gp,0 days,Overall,0,823064,266,.00032318264,.00028658769,.00036445051,.98368716,.87230128,1.1092962
covid,stroke_cens_gp,30 days,Overall,0,698368,79,.00011312088,.000090735055,.00014102964,.34431168,.27617481,.42925897
covid,stroke_cens_gp,60 days,Overall,0,657230,63,.000095856856,.000074882759,.00012270563,.29176432,.22792439,.37348527
covid,stroke_cens_gp,90 days,Overall,0,623040,50,.000080251666,.000060824143,.00010588444,.244266,.18513349,.32228577
covid,stroke_cens_gp,120 days,Overall,0,1323849,86,.000064962092,.000052586296,.000080250436,.19772837,.16005954,.24426226
covid,dvt,Full period,Overall,0,4122915,292,.000070823677,.00006314888,.000079431229,.21556957,.19220941,.24176881
covid,dvt,Full period,agegroup,1,876741,49,.000055888799,.000042240063,.000073947755,.17011154,.12856819,.22507848
covid,dvt,Full period,agegroup,2,710079,34,.000047881997,.000034213095,.000067011926,.14574082,.10413611,.20396756
covid,dvt,Full period,agegroup,3,710911,52,.00007314558,.000055737528,.000095990559,.22263686,.16965111,.29217127
covid,dvt,Full period,agegroup,4,812465,75,.000092311668,.000073615338,.00011575637,.28097364,.22406669,.35233346
covid,dvt,Full period,agegroup,5,1012719,82,.000080970138,.00006521168,.00010053664,.24645285,.19848806,.3060084
covid,dvt,Full period,male,0,1938988,132,.000068076748,.000057399913,.000080739563,.2072086,.17471099,.24575104
covid,dvt,Full period,male,1,2183927,160,.000073262519,.000062746352,.000085541185,.22299279,.1909842,.26036599
covid,dvt,Full period,ethnicity,1,2503802,193,.000077082776,.00006694012,.000088762223,.23462071,.20374899,.27017
covid,dvt,Full period,ethnicity,2,44270,6,.00013553197,.000060889182,.00030167776,.41252545,.18533145,.91823167
covid,dvt,Full period,ethnicity,3,418061,16,.000038271926,.000023446604,.000062471321,.11649018,.071365602,.19014709
covid,dvt,Full period,ethnicity,4,157952,8,.000050648297,.000025329095,.00010127682,.15416075,.077095434,.30826131
covid,dvt,Full period,ethnicity,5,78094,,.000012805081,1.8037684e-06,.000090904185,.038975466,.0054902202,.27668962
covid,dvt,Full period,ethnicity,6,920736,68,.00007385396,.000058230489,.000093669274,.22479299,.17723905,.28510585
covid,dvt,Full period,af,0,3558252,267,.000075036842,.000066555178,.000084599393,.22839339,.20257732,.2574994
covid,dvt,Full period,af,1,564663,25,.000044274195,.000029916471,.000065522581,.13475958,.091058262,.19943435
covid,dvt,Full period,anticoag_rx,0,3601464,247,.00006858322,.000060542065,.000077692399,.20875017,.18427491,.23647624
covid,dvt,Full period,anticoag_rx,1,521451,45,.000086297659,.000064433152,.00011558158,.26266849,.1961184,.35180146
covid,dvt,Full period,long_hosp_stay,0,1946040,105,.000053955726,.000044562421,.000065329041,.16422774,.13563687,.19884527
covid,dvt,Full period,long_hosp_stay,1,2176875,187,.000085902961,.000074432413,.000099141194,.26146713,.22655366,.301761
covid,dvt,0 days,Overall,0,823109,138,.00016765702,.00014189354,.00019809834,.51030606,.43188846,.60296184
covid,dvt,30 days,Overall,0,697813,52,.000074518532,.000056783723,.000097792312,.22681578,.17283545,.29765534
covid,dvt,60 days,Overall,0,656718,27,.000041113537,.000028194931,.000059951308,.12513933,.085818321,.18247679
covid,dvt,90 days,Overall,0,622578,28,.000044974284,.00003105291,.000065136774,.13689047,.094517298,.19826005
covid,dvt,120 days,Overall,0,1322697,47,.00003553346,.000026697893,.000047293124,.10815497,.081261709,.14394845
covid,dvt_no_gp,Full period,Overall,0,4133698,190,.000045963687,.000039871466,.000052986776,.13990197,.12135877,.1612785
covid,dvt_no_gp,Full period,agegroup,1,877887,37,.000042146654,.000030537005,.000058170095,.12828387,.092947006,.17705522
covid,dvt_no_gp,Full period,agegroup,2,712243,17,.000023868259,.000014837954,.000038394359,.07264901,.045163024,.11686283
covid,dvt_no_gp,Full period,agegroup,3,713298,30,.000042058156,.000029406465,.000060153052,.12801452,.089505926,.18309085
covid,dvt_no_gp,Full period,agegroup,4,814840,51,.000062588973,.000047567002,.000082354985,.19050519,.14478207,.25066799
covid,dvt_no_gp,Full period,agegroup,5,1015430,55,.000054164244,.000041585001,.000070548645,.16486242,.12657435,.21473244
covid,dvt_no_gp,Full period,male,0,1944150,81,.00004166345,.000033510223,.000051800409,.12681313,.10199674,.15766749
covid,dvt_no_gp,Full period,male,1,2189548,109,.000049781964,.000041261184,.000060062353,.15152386,.12558873,.18281479
covid,dvt_no_gp,Full period,ethnicity,1,2511418,121,.000048179954,.000040316649,.000057576908,.14664774,.1227138,.17524971
covid,dvt_no_gp,Full period,ethnicity,2,44442,,.00011250619,.000046828205,.00027029956,.34244072,.14253335,.82272428
covid,dvt_no_gp,Full period,ethnicity,3,418835,9,.000021488175,.000011180615,.000041298415,.065404631,.034030996,.12570205
covid,dvt_no_gp,Full period,ethnicity,4,158410,,.000031563664,.000013137675,.000075832664,.096071906,.039987799,.23081568
covid,dvt_no_gp,Full period,ethnicity,5,78094,,.000012805081,1.8037684e-06,.000090904185,.038975466,.0054902202,.27668962
covid,dvt_no_gp,Full period,ethnicity,6,922499,49,.00005311659,.00004014486,.000070279777,.16167362,.12219092,.21391407
covid,dvt_no_gp,Full period,af,0,3568571,172,.000048198566,.000041507883,.000055967721,.14670439,.12633961,.17035174
covid,dvt_no_gp,Full period,af,1,565127,18,.000031851247,.00002006764,.000050554121,.09694723,.06108088,.1538741
covid,dvt_no_gp,Full period,anticoag_rx,0,3611300,160,.000044305376,.000037945741,.000051730873,.13485448,.11549735,.15745585
covid,dvt_no_gp,Full period,anticoag_rx,1,522398,30,.000057427478,.000040152474,.000082134793,.17479488,.12221409,.24999778
covid,dvt_no_gp,Full period,long_hosp_stay,0,1949409,73,.000037447247,.000029771059,.000047102669,.11398006,.09061566,.14336875
covid,dvt_no_gp,Full period,long_hosp_stay,1,2184289,117,.000053564341,.000044687098,.00006420508,.16303647,.13601635,.19542421
covid,dvt_no_gp,0 days,Overall,0,823955,86,.00010437463,.000084490435,.00012893844,.31769028,.25716776,.39245638
covid,dvt_no_gp,30 days,Overall,0,699299,34,.000048620117,.000034740508,.000068044945,.14798748,.10574142,.20711181
covid,dvt_no_gp,60 days,Overall,0,658527,17,.00002581519,.000016048285,.000041526186,.078574985,.048846968,.12639533
covid,dvt_no_gp,90 days,Overall,0,624464,23,.000036831585,.000024475559,.00005542532,.11210614,.074497484,.16870081
covid,dvt_no_gp,120 days,Overall,0,1327453,30,.00002259967,.000015801368,.000032322841,.068787746,.048095413,.098382652
covid,dvt_cens_gp,Full period,Overall,0,4126391,261,.000063251398,.000056025026,.000071409857,.19252144,.17052618,.21735375
covid,dvt_cens_gp,Full period,agegroup,1,877213,44,.000050158855,.000037327092,.000067401736,.15267101,.11361434,.20515403
covid,dvt_cens_gp,Full period,agegroup,2,710986,28,.000039381928,.000027191616,.000057037298,.11986874,.082764484,.17360727
covid,dvt_cens_gp,Full period,agegroup,3,711904,45,.000063210769,.000047195594,.000084660474,.19239777,.14365159,.25768533
covid,dvt_cens_gp,Full period,agegroup,4,813182,67,.000082392376,.000064847947,.00010468341,.2507818,.19738095,.31863013
covid,dvt_cens_gp,Full period,agegroup,5,1013106,77,.000076003897,.00006079004,.000095025302,.23133686,.18502969,.28923327
covid,dvt_cens_gp,Full period,male,0,1940139,121,.000062366664,.000052187988,.000074530573,.18982853,.15884718,.22685243
covid,dvt_cens_gp,Full period,male,1,2186252,140,.000064036532,.000054261047,.000075573138,.1949112,.16515706,.23002574
covid,dvt_cens_gp,Full period,ethnicity,1,2505998,173,.000069034373,.000059477094,.0000801274,.21012338,.1810334,.24388777
covid,dvt_cens_gp,Full period,ethnicity,2,44270,6,.00013553197,.000060889182,.00030167776,.41252545,.18533145,.91823167
covid,dvt_cens_gp,Full period,ethnicity,3,418547,12,.000028670614,.00001628232,.000050484461,.087266184,.04955931,.15366209
covid,dvt_cens_gp,Full period,ethnicity,4,158226,6,.000037920443,.000017036165,.000084406325,.11542035,.051853828,.25691175
covid,dvt_cens_gp,Full period,ethnicity,5,78094,,.000012805081,1.8037684e-06,.000090904185,.038975466,.0054902202,.27668962
covid,dvt_cens_gp,Full period,ethnicity,6,921256,63,.000068384899,.000053421849,.000087538989,.20814654,.16260275,.2664468
covid,dvt_cens_gp,Full period,af,0,3561565,237,.000066543784,.000058588987,.000075578617,.20254265,.17833023,.23004241
covid,dvt_cens_gp,Full period,af,1,564826,24,.000042490963,.000028480379,.000063393883,.12933187,.086687155,.19295514
covid,dvt_cens_gp,Full period,anticoag_rx,0,3604782,218,.000060475224,.000052957424,.000069060246,.18407147,.16118915,.21020213
covid,dvt_cens_gp,Full period,anticoag_rx,1,521609,43,.000082437226,.000061138722,.00011115536,.2509183,.18609099,.33832911
covid,dvt_cens_gp,Full period,long_hosp_stay,0,1946651,100,.000051370276,.000042227148,.000062493098,.15635827,.12852888,.19021337
covid,dvt_cens_gp,Full period,long_hosp_stay,1,2179740,161,.000073862022,.000063290296,.000086199601,.22481753,.19263984,.26237005
covid,dvt_cens_gp,0 days,Overall,0,823528,116,.00014085739,.00011742148,.00016897082,.42873466,.35740161,.51430494
covid,dvt_cens_gp,30 days,Overall,0,698344,49,.000070165996,.000053030588,.000092838236,.21356775,.16141185,.28257638
covid,dvt_cens_gp,60 days,Overall,0,657324,24,.000036511676,.000024472649,.000054473156,.11113241,.074488625,.16580267
covid,dvt_cens_gp,90 days,Overall,0,623190,27,.000043325472,.000029711835,.000063176725,.13187191,.090435401,.19229415
covid,dvt_cens_gp,120 days,Overall,0,1324005,45,.000033987788,.00002537659,.000045521076,.10345033,.077239998,.13855477
covid,pe,Full period,Overall,0,4085817,672,.00016447139,.00015249463,.00017738879,.50060982,.46415552,.53992712
covid,pe,Full period,agegroup,1,870694,97,.00011140538,.000091301888,.00013593541,.33909014,.27790013,.41375339
covid,pe,Full period,agegroup,2,699383,121,.00017300964,.00014477325,.0002067532,.5265981,.44065359,.62930506
covid,pe,Full period,agegroup,3,701646,139,.0001981056,.000167764,.00023393474,.60298389,.51063168,.71203887
covid,pe,Full period,agegroup,4,804913,153,.00019008266,.00016222842,.00022271941,.57856411,.49378276,.67790216
covid,pe,Full period,agegroup,5,1009181,162,.00016052621,.00013761609,.00018725036,.48860165,.41886899,.56994331
covid,pe,Full period,male,0,1925794,279,.0001448753,.00012883512,.00016291253,.44096419,.39214191,.49586502
covid,pe,Full period,male,1,2160023,393,.00018194251,.00016481501,.0002008499,.55378753,.5016557,.61133689
covid,pe,Full period,ethnicity,1,2483422,413,.00016630279,.00015101311,.00018314051,.5061841,.45964617,.5574339
covid,pe,Full period,ethnicity,2,44499,,.00011236208,.000046768222,.00026995331,.34200206,.14235078,.82167035
covid,pe,Full period,ethnicity,3,413841,60,.00014498322,.0001125714,.00018672711,.44129267,.34263921,.56835061
covid,pe,Full period,ethnicity,4,155138,30,.00019337623,.0001352059,.00027657347,.58858889,.41153297,.84182048
covid,pe,Full period,ethnicity,5,77097,9,.00011673606,.000060739494,.00022435661,.35531539,.18487583,.68288547
covid,pe,Full period,ethnicity,6,911820,155,.0001699897,.0001452287,.00019897235,.51740617,.44203985,.60562211
covid,pe,Full period,af,0,3523761,610,.00017311049,.00015990397,.00018740774,.52690506,.48670769,.57042229
covid,pe,Full period,af,1,562056,62,.00011030929,.000086002168,.00014148644,.33575392,.26176909,.43064934
covid,pe,Full period,anticoag_rx,0,3566448,601,.00016851501,.00015556694,.00018254074,.51291752,.4735069,.55560839
covid,pe,Full period,anticoag_rx,1,519369,71,.00013670434,.00010833362,.00017250486,.41609386,.32974046,.52506167
covid,pe,Full period,long_hosp_stay,0,1931636,241,.0001247647,.00010996666,.0001415541,.37975255,.33471102,.4308553
covid,pe,Full period,long_hosp_stay,1,2154181,431,.00020007604,.00018205144,.0002198852,.60898143,.55411911,.66927558
covid,pe,0 days,Overall,0,818124,437,.00053414883,.00048634427,.00058665231,1.6258155,1.4803104,1.785623
covid,pe,30 days,Overall,0,691538,95,.00013737495,.00011235079,.00016797282,.41813502,.34196773,.51126724
covid,pe,60 days,Overall,0,650286,53,.0000815026,.000062265855,.00010668246,.24807353,.1895217,.32471472
covid,pe,90 days,Overall,0,616177,40,.000064916414,.000047617625,.000088499597,.19758934,.14493614,.26937065
covid,pe,120 days,Overall,0,1309692,47,.0000358863,.000026962998,.000047762736,.10922892,.082068622,.14537783
covid,pe_no_gp,Full period,Overall,0,4113549,456,.00011085318,.00010113163,.00012150925,.33740938,.3078194,.36984378
covid,pe_no_gp,Full period,agegroup,1,876121,51,.000058211139,.000044239889,.000076594595,.17718016,.13465516,.23313481
covid,pe_no_gp,Full period,agegroup,2,706210,75,.00010620071,.000084691361,.00013317284,.32324842,.25777933,.40534484
covid,pe_no_gp,Full period,agegroup,3,708296,86,.00012141816,.000098287033,.00014999304,.36956653,.29916117,.4565413
covid,pe_no_gp,Full period,agegroup,4,811101,108,.00013315234,.00011026608,.00016078877,.40528244,.33562237,.4894008
covid,pe_no_gp,Full period,agegroup,5,1011821,136,.00013441112,.00011361751,.00015901026,.40911385,.34582332,.48398748
covid,pe_no_gp,Full period,male,0,1935939,202,.00010434213,.000090901151,.00011977055,.31759137,.27668038,.3645516
covid,pe_no_gp,Full period,male,1,2177610,254,.00011664164,.00010314412,.00013190546,.355028,.31394491,.40148723
covid,pe_no_gp,Full period,ethnicity,1,2499681,283,.00011321445,.00010076349,.00012720392,.34459648,.30669886,.38717693
covid,pe_no_gp,Full period,ethnicity,2,44618,,.000067237437,.000021685513,.00020847433,.20465395,.066005282,.63454378
covid,pe_no_gp,Full period,ethnicity,3,416117,40,.000096126809,.000070511145,.00013104828,.29258597,.2146183,.39887819
covid,pe_no_gp,Full period,ethnicity,4,156848,17,.00010838519,.000067378794,.00017434786,.32989743,.2050842,.5306713
covid,pe_no_gp,Full period,ethnicity,5,77466,7,.00009036222,.000043078737,.00018954436,.27504,.13112091,.57692564
covid,pe_no_gp,Full period,ethnicity,6,918819,106,.00011536549,.000095367388,.00013955709,.35114372,.2902745,.42477688
covid,pe_no_gp,Full period,af,0,3549575,409,.00011522506,.00010458219,.00012695101,.35071629,.31832203,.38640714
covid,pe_no_gp,Full period,af,1,563974,47,.000083337174,.000062614985,.0001109173,.25365752,.19058436,.33760452
covid,pe_no_gp,Full period,anticoag_rx,0,3592371,397,.00011051197,.00010015872,.00012193543,.33637083,.30485809,.37114096
covid,pe_no_gp,Full period,anticoag_rx,1,521178,59,.00011320508,.000087709966,.00014611101,.34456795,.26696721,.44472539
covid,pe_no_gp,Full period,long_hosp_stay,0,1940640,169,.000087084671,.000074897049,.00010125554,.26506397,.22796789,.30819654
covid,pe_no_gp,Full period,long_hosp_stay,1,2172909,287,.000132081,.00011765097,.00014828089,.40202153,.35810015,.45132995
covid,pe_no_gp,0 days,Overall,0,821341,275,.00033481829,.00029749511,.00037682403,1.0191032,.90550071,1.1469581
covid,pe_no_gp,30 days,Overall,0,695953,80,.00011495029,.000092330003,.00014311241,.34987995,.28102943,.4355984
covid,pe_no_gp,60 days,Overall,0,654957,41,.000062599531,.000046093079,.000085017127,.19053732,.1402958,.25877088
covid,pe_no_gp,90 days,Overall,0,621039,30,.000048306145,.00003377497,.000069089147,.14703183,.10280257,.21029009
covid,pe_no_gp,120 days,Overall,0,1320259,30,.000022722814,.000015887468,.000032498967,.069162562,.048357483,.098918729
covid,pe_cens_gp,Full period,Overall,0,4106753,521,.00012686422,.00011642529,.00013823912,.38614297,.35436946,.42076531
covid,pe_cens_gp,Full period,agegroup,1,874270,71,.000081210608,.000064356696,.00010247828,.24718478,.19588569,.31191826
covid,pe_cens_gp,Full period,agegroup,2,705088,83,.0001177158,.00009492995,.0001459709,.35829747,.28894302,.44429892
covid,pe_cens_gp,Full period,agegroup,3,706489,102,.00014437592,.0001189086,.00017529773,.43944421,.36192805,.53356248
covid,pe_cens_gp,Full period,agegroup,4,809762,119,.00014695677,.00012278916,.00017588107,.44729966,.37373951,.53533798
covid,pe_cens_gp,Full period,agegroup,5,1011144,146,.00014439091,.00012277046,.00016981881,.43948984,.37368259,.516886
covid,pe_cens_gp,Full period,male,0,1933170,229,.00011845829,.00010406782,.00013483866,.36055741,.31675643,.41041517
covid,pe_cens_gp,Full period,male,1,2173583,292,.0001343404,.00011978262,.00015066745,.40889859,.36458835,.45859402
covid,pe_cens_gp,Full period,ethnicity,1,2494787,327,.00013107332,.00011760959,.00014607834,.39895442,.3579742,.44462594
covid,pe_cens_gp,Full period,ethnicity,2,44618,,.000067237437,.000021685513,.00020847433,.20465395,.066005282,.63454378
covid,pe_cens_gp,Full period,ethnicity,3,415642,47,.00011307808,.000084960673,.00015050084,.34418142,.25859904,.45808694
covid,pe_cens_gp,Full period,ethnicity,4,156682,19,.00012126473,.000077349134,.00019011374,.3690995,.23543143,.5786587
covid,pe_cens_gp,Full period,ethnicity,5,77285,8,.00010351297,.000051766594,.00020698553,.31506759,.15756457,.63001221
covid,pe_cens_gp,Full period,ethnicity,6,917739,117,.00012748723,.00010635871,.00015281299,.38803926,.32372934,.46512455
covid,pe_cens_gp,Full period,af,0,3543364,469,.0001323601,.00012090722,.00014489784,.40287107,.36801136,.4410328
covid,pe_cens_gp,Full period,af,1,563389,52,.000092298571,.000070332258,.00012112545,.28093377,.21407381,.36867559
covid,pe_cens_gp,Full period,anticoag_rx,0,3586269,456,.00012715164,.00011600075,.00013937445,.38701779,.35307729,.42422098
covid,pe_cens_gp,Full period,anticoag_rx,1,520484,65,.00012488377,.000097932629,.00015925187,.38011497,.29808244,.48472288
covid,pe_cens_gp,Full period,long_hosp_stay,0,1937650,195,.00010063737,.000087458793,.00011580174,.306315,.26620269,.35247156
covid,pe_cens_gp,Full period,long_hosp_stay,1,2169103,326,.00015029254,.00013483224,.00016752558,.45745292,.41039562,.50990599
covid,pe_cens_gp,0 days,Overall,0,820850,307,.00037400256,.00033442129,.00041826855,1.1383703,1.0178947,1.2731049
covid,pe_cens_gp,30 days,Overall,0,695063,87,.00012516852,.00010144641,.00015443774,.38098168,.30877751,.47006989
covid,pe_cens_gp,60 days,Overall,0,653871,48,.000073408977,.000055320845,.000097411343,.22343858,.16838282,.29649577
covid,pe_cens_gp,90 days,Overall,0,619826,36,.000058080816,.000041895346,.000080519232,.17678349,.12751895,.24508041
covid,pe_cens_gp,120 days,Overall,0,1317143,43,.000032646418,.00002421188,.000044019242,.099367537,.073694915,.13398357
covid,heart_failure,Full period,Overall,0,3929629,2734,.00069573999,.0006701434,.00072231423,2.1176586,2.0397489,2.198544
covid,heart_failure,Full period,agegroup,1,874042,84,.000096105221,.000077602068,.0001190202,.29252025,.2362013,.36226773
covid,heart_failure,Full period,agegroup,2,699523,158,.00022586819,.00019325785,.00026398123,.68748629,.58822858,.80349284
covid,heart_failure,Full period,agegroup,3,686430,324,.00047200735,.00042331123,.00052630529,1.4366723,1.2884536,1.6019417
covid,heart_failure,Full period,agegroup,4,756330,737,.00097444234,.00090657087,.0010473952,2.9659588,2.7593751,3.188009
covid,heart_failure,Full period,agegroup,5,913304,1431,.0015668386,.0014877252,.0016501591,4.7690649,4.5282636,5.0226717
covid,heart_failure,Full period,male,0,1851106,1244,.00067203067,.00063570478,.0007104323,2.0454934,1.9349264,2.1623783
covid,heart_failure,Full period,male,1,2078523,1490,.00071685517,.00068136508,.00075419387,2.1819279,2.073905,2.2955775
covid,heart_failure,Full period,ethnicity,1,2372513,1836,.00077386299,.00073926261,.00081008283,2.3554454,2.2501307,2.4656897
covid,heart_failure,Full period,ethnicity,2,43818,9,.00020539504,.00010687007,.00039475152,.62517118,.32528579,1.201525
covid,heart_failure,Full period,ethnicity,3,405704,156,.00038451678,.00032867346,.00044984819,1.170373,1.0003998,1.3692254
covid,heart_failure,Full period,ethnicity,4,153970,52,.00033772812,.00025735158,.00044320806,1.0279599,.78331387,1.3490145
covid,heart_failure,Full period,ethnicity,5,76646,17,.00022179892,.00013788363,.00035678461,.67510045,.41968331,1.0859631
covid,heart_failure,Full period,ethnicity,6,876978,664,.00075714558,.00070169172,.00081698183,2.3045619,2.1357741,2.4866884
covid,heart_failure,Full period,af,0,3456595,1533,.00044350003,.00042184565,.00046626601,1.3499032,1.2839926,1.4191972
covid,heart_failure,Full period,af,1,473034,1201,.0025389295,.0023993235,.0026866586,7.7278666,7.3029408,8.1775169
covid,heart_failure,Full period,anticoag_rx,0,3487921,1687,.00048366922,.00046113107,.00050730893,1.4721682,1.4035677,1.5441215
covid,heart_failure,Full period,anticoag_rx,1,441708,1047,.0023703442,.0022310286,.0025183591,7.2147355,6.7906933,7.6652555
covid,heart_failure,Full period,long_hosp_stay,0,1882675,848,.00045042293,.00042110472,.00048178234,1.3709748,1.2817374,1.4664249
covid,heart_failure,Full period,long_hosp_stay,1,2046954,1886,.00092136901,.0008807109,.00096390414,2.8044169,2.6806638,2.9338832
covid,heart_failure,0 days,Overall,0,807760,1320,.0016341488,.0015483282,.0017247262,4.9739404,4.7127242,5.2496352
covid,heart_failure,30 days,Overall,0,671344,485,.0007224314,.00066091493,.00078967377,2.1989007,2.0116599,2.4035695
covid,heart_failure,60 days,Overall,0,623758,330,.00052905135,.00047494215,.00058932509,1.6103001,1.4456052,1.7937583
covid,heart_failure,90 days,Overall,0,585714,259,.00044219533,.00039149215,.00049946521,1.345932,1.1916043,1.5202472
covid,heart_failure,120 days,Overall,0,1241053,340,.0002739609,.00024633476,.00030468529,.8338685,.74978143,.92738587
covid,heart_failure_no_gp,Full period,Overall,0,3953785,2507,.00063407596,.00060973485,.00065938872,1.9299687,1.8558805,2.0070145
covid,heart_failure_no_gp,Full period,agegroup,1,876265,67,.000076460885,.000060179493,.000097147167,.23272783,.18317133,.2956917
covid,heart_failure_no_gp,Full period,agegroup,2,701871,137,.00019519257,.00016509739,.0002307737,.59411734,.5025152,.70241743
covid,heart_failure_no_gp,Full period,agegroup,3,689722,290,.00042045926,.00037474828,.00047174597,1.2797729,1.1406401,1.4358768
covid,heart_failure_no_gp,Full period,agegroup,4,762889,671,.00087955128,.00081545667,.00094868371,2.6771343,2.4820464,2.8875561
covid,heart_failure_no_gp,Full period,agegroup,5,923038,1342,.0014538947,.0013781523,.0015337997,4.425292,4.1947508,4.6685028
covid,heart_failure_no_gp,Full period,male,0,1860661,1152,.00061913481,.00058439496,.0006559398,1.8844916,1.7787522,1.9965168
covid,heart_failure_no_gp,Full period,male,1,2093124,1355,.00064735772,.00061379076,.00068276038,1.9703951,1.8682256,2.0781519
covid,heart_failure_no_gp,Full period,ethnicity,1,2388385,1687,.00070633501,.00067342108,.00074085774,2.1499071,2.0497253,2.2549858
covid,heart_failure_no_gp,Full period,ethnicity,2,43818,9,.00020539504,.00010687007,.00039475152,.62517118,.32528579,1.201525
covid,heart_failure_no_gp,Full period,ethnicity,3,407152,146,.00035858844,.00030489502,.0004217375,1.0914536,.92802423,1.2836635
covid,heart_failure_no_gp,Full period,ethnicity,4,154896,44,.00028406156,.00021139222,.0003817121,.8646124,.64342511,1.1618363
covid,heart_failure_no_gp,Full period,ethnicity,5,76733,16,.00020851524,.00012774309,.00034035975,.63466823,.38881803,1.03597
covid,heart_failure_no_gp,Full period,ethnicity,6,882801,605,.00068531866,.00063282886,.00074216217,2.0859387,1.9261729,2.2589562
covid,heart_failure_no_gp,Full period,af,0,3473505,1377,.00039642953,.00037603432,.00041793095,1.2066324,1.1445545,1.2720773
covid,heart_failure_no_gp,Full period,af,1,480280,1130,.0023527942,.0022195361,.002494053,7.1613173,6.755713,7.5912738
covid,heart_failure_no_gp,Full period,anticoag_rx,0,3506158,1517,.00043266732,.00041143352,.000454997,1.3169311,1.2523007,1.3848971
covid,heart_failure_no_gp,Full period,anticoag_rx,1,447627,990,.0022116629,.0020780978,.0023538126,6.7317491,6.3252101,7.1644168
covid,heart_failure_no_gp,Full period,long_hosp_stay,0,1890555,774,.00040940358,.00038155384,.00043928609,1.2461221,1.1613545,1.337077
covid,heart_failure_no_gp,Full period,long_hosp_stay,1,2063230,1733,.00083994516,.00080131588,.00088043656,2.5565832,2.4390051,2.6798289
covid,heart_failure_no_gp,0 days,Overall,0,809577,1229,.0015180768,.0014355334,.0016053664,4.620646,4.3694048,4.8863339
covid,heart_failure_no_gp,30 days,Overall,0,674441,446,.00066128839,.00060267799,.00072559866,2.0127966,1.8344011,2.2085409
covid,heart_failure_no_gp,60 days,Overall,0,627671,301,.0004795506,.00042832358,.00053690426,1.4596322,1.3037099,1.6342024
covid,heart_failure_no_gp,90 days,Overall,0,590264,239,.00040490358,.00035669084,.00045963307,1.2324252,1.0856777,1.3990082
covid,heart_failure_no_gp,120 days,Overall,0,1251832,292,.00023325814,.00020798117,.00026160714,.70997947,.63304269,.79626673
covid,heart_failure_cens_gp,Full period,Overall,0,3943670,2621,.00066460937,.00063964649,.00069054641,2.0229049,1.946924,2.1018507
covid,heart_failure_cens_gp,Full period,agegroup,1,875191,75,.000085695581,.000068339235,.00010745997,.26083592,.20800754,.32708129
covid,heart_failure_cens_gp,Full period,agegroup,2,700832,148,.00021117757,.00017975437,.00024809391,.64277172,.54712737,.75513583
covid,heart_failure_cens_gp,Full period,agegroup,3,687559,316,.00045959692,.00041161699,.00051316962,1.3988981,1.2528592,1.56196
covid,heart_failure_cens_gp,Full period,agegroup,4,760672,698,.00091760966,.00085199991,.0009882719,2.7929745,2.5932748,3.0080526
covid,heart_failure_cens_gp,Full period,agegroup,5,919416,1384,.0015053033,.0014280506,.0015867352,4.5817671,4.3466291,4.8296256
covid,heart_failure_cens_gp,Full period,male,0,1857053,1198,.00064510811,.00060959294,.00068269245,1.9635478,1.8554485,2.0779452
covid,heart_failure_cens_gp,Full period,male,1,2086617,1423,.00068196509,.00064743689,.00071833475,2.0757313,1.970636,2.1864314
covid,heart_failure_cens_gp,Full period,ethnicity,1,2381782,1763,.00074020209,.0007064442,.00077557313,2.25299,2.1502395,2.3606508
covid,heart_failure_cens_gp,Full period,ethnicity,2,43818,9,.00020539504,.00010687007,.00039475152,.62517118,.32528579,1.201525
covid,heart_failure_cens_gp,Full period,ethnicity,3,406419,151,.00037153775,.00031676205,.00043578548,1.1308681,.96414447,1.3264221
covid,heart_failure_cens_gp,Full period,ethnicity,4,154414,48,.00031085263,.00023425788,.00041249141,.94615769,.71302241,1.2555207
covid,heart_failure_cens_gp,Full period,ethnicity,5,76733,16,.00020851524,.00012774309,.00034035975,.63466823,.38881803,1.03597
covid,heart_failure_cens_gp,Full period,ethnicity,6,880504,634,.00072004215,.00066611986,.00077832944,2.1916282,2.0275023,2.3690403
covid,heart_failure_cens_gp,Full period,af,0,3465537,1466,.00042302246,.00040191304,.00044524061,1.2875746,1.2233229,1.3552011
covid,heart_failure_cens_gp,Full period,af,1,478133,1155,.0024156459,.0022802742,.0025590539,7.352622,6.9405847,7.7891207
covid,heart_failure_cens_gp,Full period,anticoag_rx,0,3498014,1607,.00045940353,.00043748252,.00048242297,1.3983095,1.3315874,1.468375
covid,heart_failure_cens_gp,Full period,anticoag_rx,1,445656,1014,.0022752977,.0021394754,.0024197421,6.9254375,6.5120282,7.3650899
covid,heart_failure_cens_gp,Full period,long_hosp_stay,0,1886797,818,.00043353895,.0004048243,.00046429038,1.3195841,1.2321839,1.4131838
covid,heart_failure_cens_gp,Full period,long_hosp_stay,1,2056873,1803,.00087657332,.00083703175,.00091798283,2.6680701,2.5477154,2.7941103
covid,heart_failure_cens_gp,0 days,Overall,0,809254,1251,.0015458681,.0014625357,.0016339488,4.705236,4.4515929,4.9733315
covid,heart_failure_cens_gp,30 days,Overall,0,673504,468,.00069487339,.00063468592,.00076076842,2.115021,1.9318253,2.315589
covid,heart_failure_cens_gp,60 days,Overall,0,626218,321,.00051260105,.00045948362,.00057185895,1.5602294,1.3985533,1.7405957
covid,heart_failure_cens_gp,90 days,Overall,0,588400,251,.00042658055,.00037694129,.00048275682,1.2984046,1.147315,1.4693911
covid,heart_failure_cens_gp,120 days,Overall,0,1246294,330,.00026478505,.00023770392,.00029495146,.8059395,.72351128,.89775848
covid,mi,Full period,Overall,0,4129254,341,.0000825815,.00007426559,.000091828595,.25135744,.22604589,.27950329
covid,mi,Full period,agegroup,1,881092,12,.000013619463,7.7346249e-06,.000023981742,.041454241,.023542264,.072994426
covid,mi,Full period,agegroup,2,711365,38,.000053418429,.000038869413,.000073413212,.16259234,.11830878,.22345147
covid,mi,Full period,agegroup,3,712087,48,.000067407491,.000050798142,.000089447567,.20517156,.15461685,.27225605
covid,mi,Full period,agegroup,4,813658,88,.00010815355,.000087761167,.00013328435,.32919237,.26712304,.40568426
covid,mi,Full period,agegroup,5,1011052,155,.00015330566,.00013097489,.00017944376,.46662411,.39865482,.54618192
covid,mi,Full period,male,0,1943393,138,.000071009825,.000060097911,.000083903011,.21613616,.18292302,.2553798
covid,mi,Full period,male,1,2185861,203,.000092869581,.000080933976,.00010656538,.28267178,.24634279,.32435837
covid,mi,Full period,ethnicity,1,2508919,201,.000080114187,.000069770249,.000091991678,.24384755,.2123632,.27999967
covid,mi,Full period,ethnicity,2,44269,6,.00013553503,.000060890561,.00030168457,.41253474,.18533565,.91825241
covid,mi,Full period,ethnicity,3,417142,34,.000081507016,.000058239166,.0001140709,.24808697,.17726547,.34720328
covid,mi,Full period,ethnicity,4,158633,6,.000037823153,.000016992455,.000084189764,.11512422,.051720787,.25625259
covid,mi,Full period,ethnicity,5,77504,,.000064512802,.000026852022,.00015499396,.19636084,.081730843,.47176287
covid,mi,Full period,ethnicity,6,922787,89,.000096446958,.000078354031,.00011871777,.29356042,.23849007,.3613472
covid,mi,Full period,af,0,3567248,262,.000073445975,.000065069966,.000082900166,.22355118,.19805671,.25232738
covid,mi,Full period,af,1,562006,79,.00014056789,.0001127505,.00017524829,.42785352,.34318435,.53341198
covid,mi,Full period,anticoag_rx,0,3607129,281,.000077901292,.000069305264,.000087563494,.23711206,.2109479,.26652139
covid,mi,Full period,anticoag_rx,1,522125,60,.00011491501,.000089225112,.00014800159,.34977257,.27157894,.45047984
covid,mi,Full period,long_hosp_stay,0,1947003,136,.000069850947,.000059044894,.000082634651,.21260881,.1797179,.25151923
covid,mi,Full period,long_hosp_stay,1,2182251,205,.0000939397,.000081921644,.00010772082,.28592896,.249349,.32787526
covid,mi,0 days,Overall,0,822964,178,.00021629136,.00018674067,.00025051826,.65833682,.56839192,.76251495
covid,mi,30 days,Overall,0,698417,48,.000068726848,.000051792405,.000091198308,.20918734,.15764314,.27758485
covid,mi,60 days,Overall,0,657908,32,.00004863902,.00003439634,.000068779249,.14804502,.10469386,.20934685
covid,mi,90 days,Overall,0,623815,27,.000043282063,.000029682067,.000063113424,.13173978,.090344794,.19210148
covid,mi,120 days,Overall,0,1326150,56,.000042227501,.000032497413,.000054870885,.12852995,.098914005,.16701326
covid,mi_no_gp,Full period,Overall,0,4138760,267,.000064512074,.000057220062,.000072733368,.19635862,.17416357,.22138219
covid,mi_no_gp,Full period,agegroup,1,881693,9,.000010207635,5.3111830e-06,.000019618192,.031069487,.016165914,.059712872
covid,mi_no_gp,Full period,agegroup,2,712837,27,.00003787682,.000025975249,.000055231565,.11528757,.079062164,.16811107
covid,mi_no_gp,Full period,agegroup,3,713997,33,.00004621868,.000032858094,.000065011882,.14067811,.10001183,.19787991
covid,mi_no_gp,Full period,agegroup,4,816045,67,.000082103317,.000064620435,.00010431614,.24990197,.19668844,.31751224
covid,mi_no_gp,Full period,agegroup,5,1014188,131,.00012916737,.00010883861,.00015329312,.39315319,.33127752,.46658593
covid,mi_no_gp,Full period,male,0,1946704,111,.000057019453,.000047340254,.000068677669,.17355296,.1440919,.20903766
covid,mi_no_gp,Full period,male,1,2192056,156,.000071166069,.000060830625,.000083257546,.21661173,.18515322,.25341517
covid,mi_no_gp,Full period,ethnicity,1,2513902,163,.000064839442,.000055611934,.000075598036,.19735505,.16926882,.23010153
covid,mi_no_gp,Full period,ethnicity,2,44782,,.000066991204,.000021606098,.00020771087,.20390448,.065763563,.63221997
covid,mi_no_gp,Full period,ethnicity,3,418690,22,.000052544841,.000034598186,.000079800731,.15993336,.10530823,.24289347
covid,mi_no_gp,Full period,ethnicity,4,158819,,.000025185904,9.4527195e-06,.000067105531,.076659597,.028771715,.20425247
covid,mi_no_gp,Full period,ethnicity,5,77800,,.000038560411,.000012436559,.00011955923,.11736825,.037853777,.36390841
covid,mi_no_gp,Full period,ethnicity,6,924767,72,.000077857447,.000061799517,.000098087854,.23697861,.18810228,.2985549
covid,mi_no_gp,Full period,af,0,3575329,200,.000055938908,.000048699549,.000064254426,.17026405,.14822926,.1955744
covid,mi_no_gp,Full period,af,1,563431,67,.00011891429,.000093592971,.00015108623,.36194539,.2848736,.45986873
covid,mi_no_gp,Full period,anticoag_rx,0,3615837,214,.000059184084,.000051762829,.000067669331,.18014155,.15755311,.20596853
covid,mi_no_gp,Full period,anticoag_rx,1,522923,53,.00010135335,.000077431308,.000132666,.30849427,.23568155,.40380213
covid,mi_no_gp,Full period,long_hosp_stay,0,1951720,101,.000051749226,.000042580046,.000062892897,.15751171,.12960301,.19143026
covid,mi_no_gp,Full period,long_hosp_stay,1,2187040,166,.000075901677,.000065190652,.000088372559,.23102573,.19842404,.26898399
covid,mi_no_gp,0 days,Overall,0,824006,125,.00015169792,.00012730512,.00018076462,.46173057,.38748494,.55020231
covid,mi_no_gp,30 days,Overall,0,699987,38,.000054286724,.000039501218,.000074606512,.16523522,.12023183,.22708358
covid,mi_no_gp,60 days,Overall,0,659482,28,.000042457566,.000029315217,.000061491781,.12923022,.08922819,.1871656
covid,mi_no_gp,90 days,Overall,0,625468,23,.000036772464,.000024436273,.000055336353,.11192619,.074377902,.16843003
covid,mi_no_gp,120 days,Overall,0,1329817,53,.000039855109,.000030448258,.000052168158,.12130899,.092676885,.15878683
covid,mi_cens_gp,Full period,Overall,0,4135646,297,.000071814655,.000064094587,.00008046459,.21858585,.19508789,.2449141
covid,mi_cens_gp,Full period,agegroup,1,881693,9,.000010207635,5.3111830e-06,.000019618192,.031069487,.016165914,.059712872
covid,mi_cens_gp,Full period,agegroup,2,712784,28,.000039282586,.000027123024,.000056893423,.11956637,.082555704,.17316936
covid,mi_cens_gp,Full period,agegroup,3,712974,40,.000056103028,.000041152813,.000076484437,.1707636,.12525888,.2327995
covid,mi_cens_gp,Full period,agegroup,4,814942,79,.000096939417,.000077755787,.00012085596,.29505935,.23666918,.36785531
covid,mi_cens_gp,Full period,agegroup,5,1013253,141,.00013915577,.00011798237,.000164129,.42355537,.35910884,.49956766
covid,mi_cens_gp,Full period,male,0,1945810,121,.000062184903,.000052035888,.000074313357,.18927529,.15838423,.22619128
covid,mi_cens_gp,Full period,male,1,2189836,176,.000080371312,.000069332898,.000093167146,.24463019,.211032,.2835775
covid,mi_cens_gp,Full period,ethnicity,1,2512374,179,.000071247356,.000061538507,.000082487953,.21685913,.18730783,.2510727
covid,mi_cens_gp,Full period,ethnicity,2,44443,,.00011250366,.00004682715,.00027029347,.34243301,.14253014,.82270575
covid,mi_cens_gp,Full period,ethnicity,3,418320,25,.00005976286,.000040382303,.000088444678,.18190321,.12291364,.26920348
covid,mi_cens_gp,Full period,ethnicity,4,158798,,.000031486543,.000013105575,.000075647375,.095837168,.039890092,.2302517
covid,mi_cens_gp,Full period,ethnicity,5,77685,,.000051489991,.000019325113,.00013719036,.15672266,.05882081,.41757318
covid,mi_cens_gp,Full period,ethnicity,6,924026,79,.000085495427,.00006857649,.00010658855,.2602267,.20872968,.32442892
covid,mi_cens_gp,Full period,af,0,3573029,223,.000062412029,.000054735319,.000071165414,.18996662,.16660063,.21660973
covid,mi_cens_gp,Full period,af,1,562617,74,.0001315282,.00010472942,.00016518441,.40033895,.31877017,.50278002
covid,mi_cens_gp,Full period,anticoag_rx,0,3613399,239,.000066142711,.000058266956,.000075083,.20132187,.17735004,.22853388
covid,mi_cens_gp,Full period,anticoag_rx,1,522247,58,.00011105856,.000085858599,.00014365485,.33803448,.26133212,.43724945
covid,mi_cens_gp,Full period,long_hosp_stay,0,1950723,111,.000056901979,.00004724272,.000068536174,.17319541,.14379503,.20860697
covid,mi_cens_gp,Full period,long_hosp_stay,1,2184923,186,.000085128857,.000073733303,.000098285607,.25911096,.22442575,.29915681
covid,mi_cens_gp,0 days,Overall,0,823803,139,.00016872966,.00014288725,.0001992459,.5135709,.43491307,.60645473
covid,mi_cens_gp,30 days,Overall,0,699531,46,.000065758344,.000049254741,.000087791748,.20015197,.14991912,.26721615
covid,mi_cens_gp,60 days,Overall,0,658972,31,.00004704297,.000033083725,.000066892135,.14318703,.10069859,.20360294
covid,mi_cens_gp,90 days,Overall,0,624894,26,.000041607058,.00002832909,.000061108462,.12664148,.086226664,.18599889
covid,mi_cens_gp,120 days,Overall,0,1328446,55,.00004140176,.000031786505,.000053925574,.1260166,.096750177,.16413596
covid,aki,Full period,Overall,0,3915218,2148,.00054862845,.00052591105,.00057232718,1.6698879,1.6007417,1.7420208
covid,aki,Full period,agegroup,1,861458,139,.00016135436,.00013664154,.00019053671,.49112234,.41590267,.5799461
covid,aki,Full period,agegroup,2,684225,182,.00026599437,.00023002614,.0003075868,.80962038,.70014209,.93621731
covid,aki,Full period,agegroup,3,673022,323,.00047992487,.00043033942,.00053522375,1.4607713,1.3098456,1.6290873
covid,aki,Full period,agegroup,4,754949,556,.00073647359,.00067773229,.00080030615,2.2416415,2.0628476,2.4359319
covid,aki,Full period,agegroup,5,941564,948,.0010068355,.00094474095,.0010730112,3.0645554,2.8755553,3.2659779
covid,aki,Full period,male,0,1855283,924,.0004980372,.00046693813,.0005312076,1.5159007,1.421243,1.6168631
covid,aki,Full period,male,1,2059935,1224,.00059419352,.00056182093,.00062843139,1.8085766,1.7100425,1.912788
covid,aki,Full period,ethnicity,1,2378692,1414,.00059444434,.00056425418,.00062624982,1.80934,1.7174487,1.9061478
covid,aki,Full period,ethnicity,2,44079,6,.00013611924,.000061153027,.00030298496,.41431293,.18613453,.92221045
covid,aki,Full period,ethnicity,3,400833,123,.00030686095,.00025715286,.0003661777,.934008,.782709,1.1145533
covid,aki,Full period,ethnicity,4,146348,59,.00040314865,.00031235482,.000520334,1.2270837,.95072997,1.5837666
covid,aki,Full period,ethnicity,5,75945,9,.00011850682,.000061660845,.00022775985,.36070514,.1876802,.69324404
covid,aki,Full period,ethnicity,6,869321,537,.0006177235,.00056762568,.00067224284,1.880196,1.7277107,2.0461392
covid,aki,Full period,af,0,3404010,1555,.00045681416,.00043466414,.00048009295,1.3904281,1.323009,1.4612828
covid,aki,Full period,af,1,511208,593,.0011599975,.0010702923,.0012572212,3.5307424,3.2577024,3.8266671
covid,aki,Full period,anticoag_rx,0,3437717,1612,.00046891585,.00044657482,.00049237453,1.4272627,1.3592621,1.498665
covid,aki,Full period,anticoag_rx,1,477501,536,.0011225108,.0010313931,.0012216782,3.4166422,3.1393027,3.718483
covid,aki,Full period,long_hosp_stay,0,1873524,686,.00036615491,.00033975497,.00039460618,1.1144841,1.0341291,1.2010826
covid,aki,Full period,long_hosp_stay,1,2041694,1462,.00071607204,.00068029144,.00075373455,2.1795442,2.070637,2.2941794
covid,aki,0 days,Overall,0,795530,1108,.0013927822,.0013131408,.0014772536,4.2392807,3.9968724,4.4963908
covid,aki,30 days,Overall,0,665434,328,.00049291138,.00044235314,.00054924813,1.500299,1.3464123,1.671774
covid,aki,60 days,Overall,0,622028,231,.00037136592,.00032643529,.00042248081,1.130345,.99358737,1.285926
covid,aki,90 days,Overall,0,587314,189,.00032180402,.0002790459,.00037111391,.979491,.84934592,1.129578
covid,aki,120 days,Overall,0,1244912,292,.00023455473,.00020913724,.00026306132,.71392596,.63656151,.80069286
covid,aki_no_gp,Full period,Overall,0,3927723,2051,.00052218552,.00050006848,.00054528069,1.5894022,1.5220834,1.6596981
covid,aki_no_gp,Full period,agegroup,1,862333,131,.00015191347,.00012800486,.00018028771,.46238661,.38961479,.5487507
covid,aki_no_gp,Full period,agegroup,2,686693,165,.00024028205,.00020627918,.00027988994,.73135853,.62786222,.851915
covid,aki_no_gp,Full period,agegroup,3,675264,305,.00045167521,.00040372586,.00050531933,1.3747864,1.2288406,1.5380657
covid,aki_no_gp,Full period,agegroup,4,758694,526,.00069329666,.00063650956,.00075515005,2.1102216,1.937376,2.2984879
covid,aki_no_gp,Full period,agegroup,5,944739,924,.00097804796,.00091697532,.001043188,2.9769335,2.7910435,3.1752036
covid,aki_no_gp,Full period,male,0,1860220,882,.00047413746,.00044385676,.00050648401,1.4431559,1.350989,1.5416107
covid,aki_no_gp,Full period,male,1,2067503,1169,.00056541635,.00053391559,.00059877563,1.720986,1.6251056,1.8225234
covid,aki_no_gp,Full period,ethnicity,1,2386228,1353,.00056700368,.00053758209,.00059803546,1.7258174,1.6362655,1.8202704
covid,aki_no_gp,Full period,ethnicity,2,44079,6,.00013611924,.000061153027,.00030298496,.41431293,.18613453,.92221045
covid,aki_no_gp,Full period,ethnicity,3,401258,118,.00029407514,.00024552678,.00035222303,.89509124,.74732214,1.0720788
covid,aki_no_gp,Full period,ethnicity,4,147426,54,.00036628547,.00028053421,.0004782484,1.1148814,.85387599,1.4556686
covid,aki_no_gp,Full period,ethnicity,5,75947,9,.0001185037,.000061659222,.00022775386,.36069563,.18767525,.6932258
covid,aki_no_gp,Full period,ethnicity,6,872785,511,.00058548211,.00053685706,.00063851126,1.7820612,1.6340587,1.9434687
covid,aki_no_gp,Full period,af,0,3414610,1472,.00043108876,.00040961959,.00045368317,1.3121264,1.2467797,1.3808981
covid,aki_no_gp,Full period,af,1,513113,579,.0011284064,.0010401376,.0012241659,3.434587,3.1659188,3.7260549
covid,aki_no_gp,Full period,anticoag_rx,0,3448476,1525,.00044222432,.00042057707,.00046498579,1.3460202,1.2801315,1.4153005
covid,aki_no_gp,Full period,anticoag_rx,1,479247,526,.0010975552,.0010076558,.001195475,3.3406835,3.0670521,3.6387269
covid,aki_no_gp,Full period,long_hosp_stay,0,1876086,665,.00035446137,.00032851918,.00038245213,1.0788918,.99993026,1.1640886
covid,aki_no_gp,Full period,long_hosp_stay,1,2051637,1386,.00067555811,.00064091256,.00071207649,2.0562301,1.9507776,2.1673827
covid,aki_no_gp,0 days,Overall,0,797094,1030,.0012921939,.0012156407,.001373568,3.9331152,3.7001064,4.1807976
covid,aki_no_gp,30 days,Overall,0,667507,318,.00047639949,.00042681364,.00053174607,1.4500409,1.299114,1.6185021
covid,aki_no_gp,60 days,Overall,0,624114,225,.00036051107,.0003163529,.00041083305,1.0973055,.96289915,1.2504731
covid,aki_no_gp,90 days,Overall,0,589548,185,.00031379971,.00027168833,.00036243835,.95512789,.82695138,1.1031717
covid,aki_no_gp,120 days,Overall,0,1249460,293,.00023450131,.00020913058,.00026294988,.71376336,.63654119,.80035371
covid,aki_cens_gp,Full period,Overall,0,3924337,2081,.00053028064,.00050797977,.00055356056,1.6140417,1.5461634,1.6848999
covid,aki_cens_gp,Full period,agegroup,1,862159,133,.00015426389,.00013015346,.00018284067,.46954072,.39615461,.5565213
covid,aki_cens_gp,Full period,agegroup,2,685928,171,.0002492973,.00021459746,.00028960803,.75879866,.65318102,.8814944
covid,aki_cens_gp,Full period,agegroup,3,674918,308,.00045635173,.0004081295,.00051027164,1.3890206,1.2422441,1.5531393
covid,aki_cens_gp,Full period,agegroup,4,757745,536,.00070736196,.00064994319,.00076985336,2.153033,1.9782646,2.3432412
covid,aki_cens_gp,Full period,agegroup,5,943587,933,.00098878006,.00092732639,.0010543063,3.0095992,2.8225496,3.2090447
covid,aki_cens_gp,Full period,male,0,1859009,893,.00048036347,.0004498685,.00051292556,1.4621063,1.3692873,1.5612172
covid,aki_cens_gp,Full period,male,1,2065328,1188,.00057521131,.00054341491,.00060886814,1.7507994,1.6540191,1.8532424
covid,aki_cens_gp,Full period,ethnicity,1,2383978,1374,.00057634758,.00054666458,.00060764235,1.7542579,1.6639103,1.8495114
covid,aki_cens_gp,Full period,ethnicity,2,44079,6,.00013611924,.000061153027,.00030298496,.41431293,.18613453,.92221045
covid,aki_cens_gp,Full period,ethnicity,3,401258,118,.00029407514,.00024552678,.00035222303,.89509124,.74732214,1.0720788
covid,aki_cens_gp,Full period,ethnicity,4,147226,55,.00037357531,.00028681522,.0004865799,1.1370698,.87299383,1.4810276
covid,aki_cens_gp,Full period,ethnicity,5,75947,9,.0001185037,.000061659222,.00022775386,.36069563,.18767525,.6932258
covid,aki_cens_gp,Full period,ethnicity,6,871849,519,.00059528655,.00054621359,.00064876839,1.8119035,1.6625376,1.9746888
covid,aki_cens_gp,Full period,af,0,3411924,1496,.00043846227,.00041679735,.00046125337,1.3345696,1.2686269,1.40394
covid,aki_cens_gp,Full period,af,1,512413,585,.0011416572,.0010527928,.0012380226,3.4749193,3.204438,3.7682312
covid,aki_cens_gp,Full period,anticoag_rx,0,3445578,1551,.00045014219,.00042828824,.00047311126,1.3701203,1.3036023,1.4400324
covid,aki_cens_gp,Full period,anticoag_rx,1,478759,530,.0011070288,.0010166819,.0012054043,3.369519,3.0945256,3.6689494
covid,aki_cens_gp,Full period,long_hosp_stay,0,1874656,673,.00035899921,.00033287567,.00038717285,1.0927038,1.0131903,1.1784574
covid,aki_cens_gp,Full period,long_hosp_stay,1,2049681,1408,.00068693614,.00065197627,.00072377064,2.0908618,1.9844527,2.2029769
covid,aki_cens_gp,0 days,Overall,0,796886,1043,.0013088447,.0012317752,.0013907362,3.9837959,3.7492156,4.2330532
covid,aki_cens_gp,30 days,Overall,0,667085,326,.00048869336,.0004384224,.00054472854,1.4874604,1.3344482,1.6580175
covid,aki_cens_gp,60 days,Overall,0,623599,232,.00037203394,.00032711349,.00042312307,1.1323783,.99565166,1.2878809
covid,aki_cens_gp,90 days,Overall,0,588874,186,.00031585703,.00027357566,.00036467306,.96138984,.8326959,1.1099737
covid,aki_cens_gp,120 days,Overall,0,1247893,294,.00023559712,.00021014879,.00026412716,.71709871,.63964039,.80393702
covid,t1dm,Full period,Overall,0,2832921,11,3.8829180e-06,2.1503606e-06,7.0114065e-06,.011818632,.00654516,.021340968
covid,t1dm,Full period,agegroup,1,736853,,6.7856140e-06,2.8243612e-06,.000016302643,.020653713,.0085966494,.049621172
covid,t1dm,Full period,agegroup,2,504004,,3.9682227e-06,9.9244312e-07,.000015866692,.012078278,.0030207487,.048294242
covid,t1dm,Full period,agegroup,3,446481,,4.4794738e-06,1.1203059e-06,.000017910899,.013634399,.0034099312,.054516301
covid,t1dm,Full period,agegroup,4,492825,,4.0582358e-06,1.0149553e-06,.000016226604,.012352255,.0030892701,.049389727
covid,t1dm,Full period,agegroup,5,652758,0,0,,,0,,
covid,t1dm,Full period,male,0,1389154,,3.5993130e-06,1.4981341e-06,8.6474593e-06,.010955409,.0045599458,.026320703
covid,t1dm,Full period,male,1,1443767,6,4.1557951e-06,1.8670355e-06,9.2502978e-06,.012649201,.0056827893,.028155593
covid,t1dm,Full period,ethnicity,1,1782213,,2.8055008e-06,1.1677274e-06,6.7403012e-06,.0085392427,.0035542704,.020515792
covid,t1dm,Full period,ethnicity,2,28533,0,0,,,0,,
covid,t1dm,Full period,ethnicity,3,222588,,4.4926051e-06,6.3284403e-07,.000031893323,.013674366,.001926219,.097075306
covid,t1dm,Full period,ethnicity,4,86989,,.000011495707,1.6193254e-06,.000081608843,.034990057,.0049288217,.24839692
covid,t1dm,Full period,ethnicity,5,50770,0,0,,,0,,
covid,t1dm,Full period,ethnicity,6,661828,,6.0438665e-06,2.2683710e-06,.000016103328,.018396018,.0069043543,.049014505
covid,t1dm,Full period,af,0,2495600,10,4.0070522e-06,2.1560134e-06,7.4472955e-06,.012196465,.0065623657,.022667706
covid,t1dm,Full period,af,1,337321,,2.9645353e-06,4.1759480e-07,.000021045447,.0090233041,.0012710541,.064057082
covid,t1dm,Full period,anticoag_rx,0,2519398,11,4.3661225e-06,2.4179592e-06,7.8839312e-06,.013289385,.0073596635,.023996716
covid,t1dm,Full period,anticoag_rx,1,313523,0,0,,,0,,
covid,t1dm,Full period,long_hosp_stay,0,1411450,8,5.6679301e-06,2.8345185e-06,.000011333647,.017251762,.0086275656,.034496788
covid,t1dm,Full period,long_hosp_stay,1,1421471,,2.1104897e-06,6.8067817e-07,6.5437198e-06,.006423803,.0020718141,.019917447
covid,t1dm,0 days,Overall,0,561840,,7.1194645e-06,2.6720622e-06,.00001896916,.02166987,.0081330892,.05773738
covid,t1dm,30 days,Overall,0,478302,,4.1814587e-06,1.0457729e-06,.000016719303,.012727315,.0031830713,.050889377
covid,t1dm,60 days,Overall,0,450578,,4.4387430e-06,1.1101192e-06,.00001774804,.013510424,.0033789254,.054020595
covid,t1dm,90 days,Overall,0,427878,,4.6742298e-06,1.1690139e-06,.000018689618,.014227187,.0035581861,.056886524
covid,t1dm,120 days,Overall,0,914323,,1.0937054e-06,1.5406316e-07,7.7642926e-06,.0033289657,.00046892973,.023632566
covid,t2dm,Full period,Overall,0,2809501,293,.00010428899,.000093005947,.00011694083,.3174296,.28308684,.35593864
covid,t2dm,Full period,agegroup,1,732997,48,.000065484579,.000049349037,.000086895925,.19931869,.15020613,.26448947
covid,t2dm,Full period,agegroup,2,498891,55,.00011024452,.000084641048,.00014359292,.33555678,.25762618,.43706092
covid,t2dm,Full period,agegroup,3,441801,60,.00013580776,.00010544716,.00017490983,.41336486,.3209548,.53238177
covid,t2dm,Full period,agegroup,4,489067,55,.00011245903,.00008634125,.00014647729,.34229717,.26280117,.44584027
covid,t2dm,Full period,agegroup,5,646745,75,.00011596533,.000092478309,.00014541743,.35296947,.28148085,.44261432
covid,t2dm,Full period,male,0,1378447,133,.00009648539,.000081405364,.00011435893,.29367742,.24777758,.34808001
covid,t2dm,Full period,male,1,1431054,160,.0001118057,.000095757008,.00013054413,.34030861,.29146039,.3973437
covid,t2dm,Full period,ethnicity,1,1767574,182,.00010296598,.00008904274,.00011906635,.31340271,.27102384,.36240822
covid,t2dm,Full period,ethnicity,2,28533,0,0,,,0,,
covid,t2dm,Full period,ethnicity,3,220688,23,.00010421953,.000069256625,.0001568328,.31721818,.21079986,.47735983
covid,t2dm,Full period,ethnicity,4,84944,17,.00020013185,.00012441407,.00032193109,.6091513,.37868533,.97987777
covid,t2dm,Full period,ethnicity,5,50633,,.000098749828,.000041102423,.00023724946,.3005698,.1251055,.72212803
covid,t2dm,Full period,ethnicity,6,657129,66,.0001004369,.000078907382,.00012784066,.3057048,.24017434,.38911501
covid,t2dm,Full period,af,0,2475730,246,.000099364632,.00008769225,.00011259069,.30244109,.26691329,.34269789
covid,t2dm,Full period,af,1,333771,47,.00014081511,.00010580075,.00018741733,.428606,.32203105,.5704515
covid,t2dm,Full period,anticoag_rx,0,2498892,246,.000098443634,.000086879438,.00011154709,.29963782,.26443928,.33952144
covid,t2dm,Full period,anticoag_rx,1,310609,47,.00015131565,.00011369027,.00020139298,.460567,.34604478,.6129899
covid,t2dm,Full period,long_hosp_stay,0,1403892,106,.00007550438,.000062416031,.000091337301,.22981645,.18997879,.27800789
covid,t2dm,Full period,long_hosp_stay,1,1405609,187,.00013303843,.00011527392,.00015354055,.40493572,.35086501,.46733904
covid,t2dm,0 days,Overall,0,560058,121,.00021604905,.00018078834,.00025818698,.65759933,.55027449,.7858566
covid,t2dm,30 days,Overall,0,475289,37,.00007784737,.00005640366,.00010744362,.23694792,.17167865,.32703152
covid,t2dm,60 days,Overall,0,447120,34,.000076042226,.00005433441,.0001064228,.23145352,.16538036,.32392439
covid,t2dm,90 days,Overall,0,423625,41,.000096783711,.000071263465,.00013144304,.29458541,.21690817,.40007976
covid,t2dm,120 days,Overall,0,903409,60,.000066415101,.000051567633,.000085537489,.20215097,.15695898,.26035473
